regime,kind,state_dev,disagree,unsafe,false_alarm,regret
aug,delay,0.1878,0.0281,0.0113,0.0168,0.0734
aug,drift,0.491,0.0528,0.025,0.0277,0.153
aug,dropout,0.0832,0.0184,0.007,0.0115,0.0463
aug,failure,0.3134,0.0538,0.0231,0.0308,0.1462
aug,noise,0.1486,0.0216,0.0114,0.0102,0.067
aug,stuck,0.6107,0.0667,0.0135,0.0532,0.1207
clean,delay,0.1502,0.0233,0.0085,0.0148,0.0574
clean,drift,0.5255,0.0607,0.023,0.0377,0.1529
clean,dropout,0.1238,0.0307,0.006,0.0247,0.0549
clean,failure,0.6137,0.0688,0.0237,0.0451,0.1634
clean,noise,0.2992,0.0398,0.0102,0.0296,0.0805
clean,stuck,0.7187,0.0657,0.012,0.0537,0.1135
