rule,kind,state_dev,disagree,unsafe,false_alarm,gain
cool,delay,1.061798993498087,0.08867521367521362,0.04166666666666665,0.04700854700854695,0.08351412481855341
cool,drift,4.039757013320923,0.219017094017094,0.219017094017094,0.0,0.054215412782227905
cool,dropout,0.22075171940959987,0.013194444444444394,0.0034722222222221934,0.00972222222222218,0.05977051721152123
cool,failure,1.905511697133382,0.2852564102564102,0.16559829059829057,0.11965811965811964,0.14970068705720613
cool,noise,0.5956899460405112,0.051335470085470035,0.029540598290598234,0.021794871794871745,0.0861781710883179
cool,stuck,2.548850655555725,0.2895299145299145,0.04273504273504272,0.24679487179487175,0.11359234166930364
feed,delay,0.025031243610767147,0.021714743589743554,0.010950854700854674,0.010763888888888854,0.8675055833184011
feed,drift,0.11450239169332292,0.16517094017094014,0.010016025641025621,0.15515491452991453,1.4425108308071428
feed,dropout,0.11710344144521986,0.12016559829059825,0.01247329059829057,0.10769230769230767,1.0261491618656728
feed,failure,0.1843588166503399,0.11300747863247859,0.015758547008546987,0.0972489316239316,0.61297572139884
feed,noise,0.027202613949156358,0.021821581196581164,0.016346153846153816,0.005475427350427323,0.8021869235569519
feed,stuck,0.19687396330732684,0.10769230769230767,0.015998931623931602,0.09169337606837605,0.5470114274288083
heat,delay,0.12430955030722539,0.025427350427350382,0.01228632478632475,0.013141025641025594,0.20454864782720109
heat,drift,0.165798507630825,0.08728632478632474,0.0,0.08728632478632474,0.5264602560879541
heat,dropout,0.04411551239900287,0.010096153846153803,0.004433760683760655,0.00566239316239313,0.22885722724558005
heat,failure,0.1336587889352813,0.013675213675213623,0.013675213675213623,0.0,0.10231436169779509
heat,noise,0.08508992231800216,0.005662393162393128,0.0038995726495726244,0.0017628205128204899,0.06654599050204041
heat,stuck,0.14320263017434623,0.013675213675213623,0.013675213675213623,0.0,0.09549554822117677
lying,delay,0.1389923109288229,0.0159455128205128,0.006410256410256396,0.009535256410256392,0.11472226567035351
lying,drift,1.3837073187542777,0.10462072649572648,0.013568376068376062,0.09105235042735041,0.07560899987861183
lying,dropout,0.45099438055967667,0.037152777777777764,0.01177884615384614,0.025373931623931607,0.08237969114309533
lying,failure,2.9608876834228166,0.08888888888888888,0.02321047008547008,0.06567841880341879,0.030021026932751604
lying,noise,0.6685252519482561,0.05715811965811964,0.018776709401709394,0.038381410256410245,0.08549881921669533
lying,stuck,2.9385753529092993,0.10360576923076921,0.018402777777777775,0.08520299145299146,0.03525714225030698
